id;convoType;numLayers;noneAvg;noneStd;dropoutAvg;dropoutStd;nodesamplingAvg;nodesamplingStd;dropedgeAvg;dropedgeStd;gdcAvg;gdcStd
0;gcn;1;0.4870954762870404;0.078202848343652;0.5392562621912358;0.008015463808086036;0.5042665301892015;0.04729459925944719;0.4607083309192272;0.11307969840373863;0.4994141769185706;0.055962960249969225
1;gcn;2;0.4135373413932289;0.02828328124326416;0.4951125617206461;0.022554571358500478;0.46988515292557476;0.041922955238026;0.5607717414395798;0.05265393517288599;0.4853438008974037;0.03634332818170253
2;gcn;3;0.4819344393158101;0.09384149537254226;0.4661104566201227;0.028696140337641292;0.5399582842465093;0.02431472280928076;0.5286837649755048;0.10262595368046755;0.487354912223102;0.08888349494437475
3;gcn;4;0.5083025937155989;0.11641192171872213;0.5065238803375886;0.021796883931263392;0.49254974667979945;0.02475571184327585;0.47427657287059743;0.07010604717988411;0.45422146687524545;0.02384919560559129
4;gcn;5;0.5686455899109677;0.0712113651182493;0.45875805506736966;0.029554789747790165;0.5033501355118226;0.012041719428139723;0.47764087113823495;0.09733684952353779;0.43985914495580575;0.02430625335445187
5;gcn;6;0.4477410404475431;0.06567799869357809;0.47810727643768064;0.04053811763953728;0.5189964399981974;0.02786618236892718;0.5915976232320697;0.021966242954823315;0.5373159646446114;0.03391349569770994
