id;convoType;numLayers;noneAvg;noneStd;dropoutAvg;dropoutStd;nodesamplingAvg;nodesamplingStd;dropedgeAvg;dropedgeStd;gdcAvg;gdcStd
0;gin;1;0.7335640986760458;0.028570123207436945;1.1847007671991985;0.05606982418443134;0.9374165932337443;0.041673505142526476;0.8413965900739034;0.015126808255263378;1.079939643541972;0.03201057122670279
1;gin;2;0.6898137132326762;0.019971558924855096;1.17104705174764;0.026635566652434984;1.04675288995107;0.047983539900294254;0.8198158144950867;0.049865914827474773;1.0366745789845784;0.05144796860477611
2;gin;3;0.6682058771451315;0.030948341005367343;1.124647855758667;0.014300488351216169;1.1061942179997761;0.053824960430897774;0.7841644088427225;0.052014227318656965;1.0389179189999898;0.051773140239356225
3;gin;4;0.7458144028981527;0.049409834918264436;1.1416147152582805;0.037430028965678125;1.0890733003616333;0.022107187621656428;0.8333818912506104;0.05814586089322069;1.036806344985962;0.0652430344716894
4;gin;5;0.7224404811859131;0.05024300780993049;1.124625603357951;0.05487994798549306;1.0573467413584392;0.022813410323651723;0.8385775089263916;0.04780212301502321;1.0425692399342854;0.02173532493852104
5;gin;6;0.7696334918340048;0.0413355609040713;1.0982575019200642;0.019996819732768657;1.1195226907730103;0.031234135718003726;0.8551150759061178;0.06920084261026602;1.0554877122243245;0.04465079215295978
