id;convoType;numLayers;noneAvg;noneStd;dropoutAvg;dropoutStd;nodesamplingAvg;nodesamplingStd;dropedgeAvg;dropedgeStd;gdcAvg;gdcStd
0;gin;1;0.4622498181373401;0.10483415739086163;0.48218550635070845;0.04503751568848965;0.4717073202134714;0.03347108095637739;0.4511178920669255;0.09999031583360872;0.4928297829879552;0.10125219250711294
1;gin;2;0.572567063867591;0.019412899555317664;0.49157444781346366;0.05281630395955906;0.5491631098836722;0.039233520004906916;0.45907188886099254;0.06508281082349072;0.48680868048179116;0.06476015534488737
2;gin;3;0.5042517236717589;0.005471840567780462;0.4979090622324366;0.0525208917884001;0.4843118510078088;0.024414992738818062;0.5486397316801535;0.024668526548325603;0.5669270682451701;0.04790238650279434
3;gin;4;0.7003527813721134;0.014591876884719699;0.4986558257208521;0.04123127355901174;0.511244262474491;0.057169888267259605;0.47139960215531396;0.08848591781361716;0.5164857696492142;0.032897717740505185
4;gin;5;0.48897043202842855;0.11826340902830815;0.5156244165910246;0.004695342547520914;0.5144064195909539;0.030516787103657614;0.47126730914077136;0.056209105088614694;0.5115935031576508;0.005767628395661659
5;gin;6;0.6386092817551517;0.0725427226890696;0.46951112741973905;0.012712366657676622;0.5332380566123975;0.02898105077311372;0.4669373684312173;0.046228916179714405;0.5175289853672982;0.04251583652761269
