id;convoType;numLayers;noneAvg;noneStd;dropoutAvg;dropoutStd;nodesamplingAvg;nodesamplingStd;dropedgeAvg;dropedgeStd;gdcAvg;gdcStd
0;gcn;1;3.877469460169474;0.5061683261176763;4.610763867696126;0.17038126621249447;4.381901582082112;0.07823633519181478;3.770382881164551;0.6747688300076984;4.518819173177083;0.08278747999293959
1;gcn;2;1.9111054340998332;0.06539429219791063;4.399433930714925;0.09122984842772434;4.3402557373046875;0.1235303964299823;2.6425357659657798;0.10779869133525911;4.4800238609313965;0.08976739920963973
2;gcn;3;1.6547324260075886;0.1320804896676562;4.51119343439738;0.16004303950556575;3.699002663294474;0.08175993269741727;2.438575506210327;0.20792856919257244;4.3836924235026045;0.2251593813071102
3;gcn;4;1.5996458927790325;0.07799284536585763;4.593826770782471;0.21456176337559887;3.920201063156128;0.30490589078618174;2.415912310282389;0.14179130670507417;3.982647180557251;0.16634424786594657
4;gcn;5;1.6352719863255818;0.08161598989499028;4.452030499776204;0.07728969813886657;3.756389776865641;0.23250579091399645;2.3927180767059326;0.12109996429696959;3.996343453725179;0.16669908048739546
5;gcn;6;1.6711405118306477;0.19887097578353474;4.47587792078654;0.21966119372448512;3.764549970626831;0.36483748494906787;2.400557200113932;0.22522300169684967;3.933220704396566;0.07593844344695232
