id;convoType;numLayers;noneAvg;noneStd;dropoutAvg;dropoutStd;nodesamplingAvg;nodesamplingStd;dropedgeAvg;dropedgeStd;gdcAvg;gdcStd
0;gin;1;1.9260189533233643;0.1287726129884914;4.484244187672933;0.10211165633034845;3.5558078289031982;0.26507619034843777;2.61375625928243;0.17628852306904852;4.490386486053467;0.028680137464201127
1;gin;2;1.7962593237559001;0.18797802672045186;4.374573548634847;0.08220686653131477;3.48262882232666;0.2677839083321928;2.6038426558176675;0.26524960367546246;4.087584177652995;0.473164833636052
2;gin;3;1.7725051641464233;0.12122873576177372;4.372423013051351;0.2604144436308895;3.4397970835367837;0.1651713451857251;2.485841671625773;0.29151166062198647;3.367788076400757;0.5040926930837653
3;gin;4;1.6763534545898438;0.16221678231460693;4.5352301597595215;0.1557370753430955;3.2678705056508384;0.33582486793434846;2.2514538764953613;0.25420814048732815;3.3461078802744546;0.5710738679365801
4;gin;5;1.741489330927531;0.09642067557440198;4.189745505650838;0.28072576629838614;3.328702131907145;0.26621029236126775;2.413836399714152;0.4014993617036715;3.321087042490641;0.5792020939718371
5;gin;6;1.7568084398905437;0.25511238736288766;3.989665667215983;0.21931684830164958;2.9713221391042075;0.33806866748862924;2.2300520737965903;0.17711697283761396;3.3920631408691406;0.28263498129002
