id;convoType;numLayers;noneAvg;noneStd;dropoutAvg;dropoutStd;nodesamplingAvg;nodesamplingStd;dropedgeAvg;dropedgeStd;gdcAvg;gdcStd
0;gcn;1;0.9286382993062338;0.04473546985861121;1.1806549628575642;0.003440823615074784;1.0854628483454387;0.006782165640407752;1.090550184249878;0.09385577181919624;1.1450003385543823;0.036477081729701565
1;gcn;2;0.8576511343320211;0.10552431521615634;1.1465700070063274;0.08565240551098854;1.0604621569315593;0.017981383076759082;0.9282843669255575;0.025344636000374867;1.0765618085861206;0.01761607612882959
2;gcn;3;0.7041102846463522;0.014257134827039232;1.1513541142145793;0.01437843311987454;1.0434387922286987;0.023482864621873607;0.8178571065266927;0.04247931574602159;1.0432373682657878;0.03193111454114897
3;gcn;4;0.6897849043210348;0.01832263150816916;1.2029956579208374;0.0795144041905302;1.1140710910161336;0.004820414933348807;0.8423333168029785;0.03773751635571004;1.0216773748397827;0.057421452807399076
4;gcn;5;0.6969959139823914;0.05201991915110917;1.1117237011591594;0.01041696637966427;1.1727649768193562;0.05436024767709106;0.8205209374427795;0.050423353096686115;1.0175445079803467;0.03261296214072008
5;gcn;6;0.6406580209732056;0.02921955829341359;1.165535847345988;0.07157833336148643;1.1020433902740479;0.019807499211282654;0.7708532810211182;0.008705813382410305;1.0062139828999836;0.02220169913513637
