id;convoType;numLayers;noneAvg;noneStd;dropoutAvg;dropoutStd;nodesamplingAvg;nodesamplingStd;dropedgeAvg;dropedgeStd;gdcAvg;gdcStd
0;gin;1;8.361804644266764;0.7037573025306069;15.579044024149576;0.7549090064509837;13.100127220153809;1.7975119199098775;7.941832383473714;0.17004362660889172;13.013915379842123;1.2162499026309401
1;gin;2;10.480107307434082;3.4367311068939443;17.057976404825848;1.949617965889836;11.885400454203287;1.4502404063283192;10.944420178731283;1.2360674660027178;20.09562873840332;3.4992424954774863
2;gin;3;17.042344093322754;8.869437524169111;17.572681427001953;0.8686309995783522;13.453468322753906;1.1904958615296637;11.02043883005778;1.6514212053717006;18.161699930826824;1.973163854348016
3;gin;4;14.287315368652344;2.223549388973203;17.852725982666016;1.7823085222235446;12.837279637654623;2.0072349795763613;13.462705294291178;0.38148774014658177;20.98259099324544;2.696362481781833
4;gin;5;14.085901578267416;2.457865398860496;17.523291269938152;2.6632332626053956;14.425358772277832;1.0933681544800415;12.327841758728027;1.0076411876323972;21.120040893554688;5.524998047471922
5;gin;6;9.59241008758545;1.2826763967283004;20.320322672526043;1.1541379312820186;15.218795458475748;2.2267143921451265;12.579042434692383;4.788028684298263;22.36175282796224;3.61319141728204
