id;convoType;probability;noneAvg;noneStd;dropoutAvg;dropoutStd;nodesamplingAvg;nodesamplingStd;dropedgeAvg;dropedgeStd;gdcAvg;gdcStd
0;gin;0.3;0.7003527813721134;0.014591876884719699;0.48218550635070845;0.04503751568848965;0.5491631098836722;0.039233520004906916;0.45907188886099254;0.06508281082349072;0.5115935031576508;0.005767628395661659
1;gin;0.5;0.7003527813721134;0.014591876884719699;0.48218550635070845;0.04503751568848965;0.5491631098836722;0.039233520004906916;0.45907188886099254;0.06508281082349072;0.5115935031576508;0.005767628395661659
2;gin;0.7;0.7003527813721134;0.014591876884719699;0.48218550635070845;0.04503751568848965;0.5491631098836722;0.039233520004906916;0.45907188886099254;0.06508281082349072;0.5115935031576508;0.005767628395661659
