id;convoType;probability;noneAvg;noneStd;dropoutAvg;dropoutStd;nodesamplingAvg;nodesamplingStd;dropedgeAvg;dropedgeStd;gdcAvg;gdcStd
0;gin;0.3;8.361804644266764;0.7037573025306069;14.412078857421875;0.4561548890935925;11.414565086364746;1.875745200787683;7.941832383473714;0.17004362660889172;13.013915379842123;1.2162499026309401
1;gin;0.5;8.361804644266764;0.7037573025306069;14.412078857421875;0.4561548890935925;11.414565086364746;1.875745200787683;7.941832383473714;0.17004362660889172;13.013915379842123;1.2162499026309401
2;gin;0.7;8.361804644266764;0.7037573025306069;14.412078857421875;0.4561548890935925;11.414565086364746;1.875745200787683;7.941832383473714;0.17004362660889172;13.013915379842123;1.2162499026309401
