id;convoType;probability;noneAvg;noneStd;dropoutAvg;dropoutStd;nodesamplingAvg;nodesamplingStd;dropedgeAvg;dropedgeStd;gdcAvg;gdcStd
0;gcn;0.3;0.6897849043210348;0.01832263150816916;1.1117237011591594;0.01041696637966427;1.0604621569315593;0.017981383076759082;0.8205209374427795;0.050423353096686115;1.0175445079803467;0.03261296214072008
1;gcn;0.5;0.6897849043210348;0.01832263150816916;1.1117237011591594;0.01041696637966427;1.0604621569315593;0.017981383076759082;0.8205209374427795;0.050423353096686115;1.0175445079803467;0.03261296214072008
2;gcn;0.7;0.6897849043210348;0.01832263150816916;1.1117237011591594;0.01041696637966427;1.0604621569315593;0.017981383076759082;0.8205209374427795;0.050423353096686115;1.0175445079803467;0.03261296214072008
