id;convoType;probability;noneAvg;noneStd;dropoutAvg;dropoutStd;nodesamplingAvg;nodesamplingStd;dropedgeAvg;dropedgeStd;gdcAvg;gdcStd
0;gcn;0.3;10.006080945332846;1.7054117454817035;13.805806477864584;1.1382265410653776;13.384723981221518;1.2953410555784697;9.22662353515625;2.582159085917059;13.160076141357422;0.9965606988289684
1;gcn;0.5;10.006080945332846;1.7054117454817035;14.366097450256348;1.217903873369146;15.050801912943522;0.8267990345320483;9.547402381896973;1.2253673797755682;14.10101064046224;1.5857863715135516
2;gcn;0.7;10.006080945332846;1.7054117454817035;15.221812884012857;0.5300279321560691;17.12549114227295;2.1878950603271563;8.788624286651611;1.0805618570009843;13.288646380106607;1.017896818836181
