id;convoType;probability;noneAvg;noneStd;dropoutAvg;dropoutStd;nodesamplingAvg;nodesamplingStd;dropedgeAvg;dropedgeStd;gdcAvg;gdcStd
0;gin;0.3;1.741489330927531;0.09642067557440198;3.464224020640055;0.24322002996303077;3.0216355323791504;0.5862192239820097;2.1606781482696533;0.21264229051551461;2.537669817606608;0.20343789147708746
1;gin;0.5;1.741489330927531;0.09642067557440198;3.464224020640055;0.24322002996303077;3.0216355323791504;0.5862192239820097;2.1606781482696533;0.21264229051551461;2.537669817606608;0.20343789147708746
2;gin;0.7;1.741489330927531;0.09642067557440198;3.464224020640055;0.24322002996303077;3.0216355323791504;0.5862192239820097;2.1606781482696533;0.21264229051551461;2.537669817606608;0.20343789147708746
