id;convoType;probability;noneAvg;noneStd;dropoutAvg;dropoutStd;nodesamplingAvg;nodesamplingStd;dropedgeAvg;dropedgeStd;gdcAvg;gdcStd
0;gin;0.3;0.09787026647939548;0.024061988941216406;0.06500120516347599;0.002146141903052011;0.07662001181127195;0.0014914399580767841;0.10574112027898534;0.004274665799476911;0.08560984125348822;0.0026303201585311455
1;gin;0.5;0.09787026647939548;0.024061988941216406;0.06500120516347599;0.002146141903052011;0.07662001181127195;0.0014914399580767841;0.10574112027898534;0.004274665799476911;0.08560984125348822;0.0026303201585311455
2;gin;0.7;0.09787026647939548;0.024061988941216406;0.06500120516347599;0.002146141903052011;0.07662001181127195;0.0014914399580767841;0.10574112027898534;0.004274665799476911;0.08560984125348822;0.0026303201585311455
