id;convoType;probability;noneAvg;noneStd;dropoutAvg;dropoutStd;nodesamplingAvg;nodesamplingStd;dropedgeAvg;dropedgeStd;gdcAvg;gdcStd
0;gcn;0.3;0.5083025937155989;0.11641192171872213;0.5065238803375886;0.021796883931263392;0.49254974667979945;0.02475571184327585;0.47427657287059743;0.07010604717988411;0.45422146687524545;0.02384919560559129
1;gcn;0.5;0.5083025937155989;0.11641192171872213;0.4897152642319602;0.008751619599803282;0.5097658638959166;0.013884273433058106;0.5432321340054205;0.057274982349109604;0.4815066597140411;0.01371945430482871
2;gcn;0.7;0.5083025937155989;0.11641192171872213;0.4845426395514269;0.024116786987539187;0.49401720131069865;0.01681679224746688;0.4654541416404334;0.002388428495547317;0.4909145921448206;0.060023673315290016
