id;convoType;probability;noneAvg;noneStd;dropoutAvg;dropoutStd;nodesamplingAvg;nodesamplingStd;dropedgeAvg;dropedgeStd;gdcAvg;gdcStd
0;gin;0.3;0.7458144028981527;0.049409834918264436;1.0982575019200642;0.019996819732768657;0.9374165932337443;0.041673505142526476;0.7841644088427225;0.052014227318656965;1.0554877122243245;0.04465079215295978
1;gin;0.5;0.7458144028981527;0.049409834918264436;1.0982575019200642;0.019996819732768657;0.9374165932337443;0.041673505142526476;0.7841644088427225;0.052014227318656965;1.0554877122243245;0.04465079215295978
2;gin;0.7;0.7458144028981527;0.049409834918264436;1.0982575019200642;0.019996819732768657;0.9374165932337443;0.041673505142526476;0.7841644088427225;0.052014227318656965;1.0554877122243245;0.04465079215295978
