id;convoType;probability;noneAvg;noneStd;dropoutAvg;dropoutStd;nodesamplingAvg;nodesamplingStd;dropedgeAvg;dropedgeStd;gdcAvg;gdcStd
0;gcn;0.3;0.10983686854933931;0.0028930877502453592;0.057610727296260995;0.0005548889411756602;0.06975871226137759;0.0011494554795988135;0.09333447646615697;0.0009534000358071748;0.08051152135590929;0.0016713363085508633
1;gcn;0.5;0.10983686854933931;0.0028930877502453592;0.057610727296260995;0.0005548889411756602;0.06975871226137759;0.0011494554795988135;0.09333447646615697;0.0009534000358071748;0.08051152135590929;0.0016713363085508633
2;gcn;0.7;0.10983686854933931;0.0028930877502453592;0.057610727296260995;0.0005548889411756602;0.06975871226137759;0.0011494554795988135;0.09333447646615697;0.0009534000358071748;0.08051152135590929;0.0016713363085508633
