id;convoType;probability;noneAvg;noneStd;dropoutAvg;dropoutStd;nodesamplingAvg;nodesamplingStd;dropedgeAvg;dropedgeStd;gdcAvg;gdcStd
0;gcn;0.3;1.6711405118306477;0.19887097578353474;4.47587792078654;0.21966119372448512;3.764549970626831;0.36483748494906787;2.400557200113932;0.22522300169684967;3.933220704396566;0.07593844344695232
1;gcn;0.5;1.6711405118306477;0.19887097578353474;4.47587792078654;0.21966119372448512;3.764549970626831;0.36483748494906787;2.400557200113932;0.22522300169684967;3.933220704396566;0.07593844344695232
2;gcn;0.7;1.6711405118306477;0.19887097578353474;4.47587792078654;0.21966119372448512;3.764549970626831;0.36483748494906787;2.400557200113932;0.22522300169684967;3.933220704396566;0.07593844344695232
