id;convoType;probability;noneAvg;noneStd;dropoutAvg;dropoutStd;nodesamplingAvg;nodesamplingStd;dropedgeAvg;dropedgeStd;gdcAvg;gdcStd
0;gcn;0.3;0.5083025937155989;0.11641192171872213;0.5065238803375886;0.021796883931263392;0.49254974667979945;0.02475571184327585;0.47427657287059743;0.07010604717988411;0.45422146687524545;0.02384919560559129
1;gcn;0.5;0.5083025937155989;0.11641192171872213;0.5065238803375886;0.021796883931263392;0.49254974667979945;0.02475571184327585;0.47427657287059743;0.07010604717988411;0.45422146687524545;0.02384919560559129
2;gcn;0.7;0.5083025937155989;0.11641192171872213;0.5065238803375886;0.021796883931263392;0.49254974667979945;0.02475571184327585;0.47427657287059743;0.07010604717988411;0.45422146687524545;0.02384919560559129
