id;convoType;probability;noneAvg;noneStd;dropoutAvg;dropoutStd;nodesamplingAvg;nodesamplingStd;dropedgeAvg;dropedgeStd;gdcAvg;gdcStd
0;gin;0.3;0.09787026647939548;0.024061988941216406;0.06500120516347599;0.002146141903052011;0.07662001181127195;0.0014914399580767841;0.10574112027898534;0.004274665799476911;0.08560984125348822;0.0026303201585311455
1;gin;0.5;0.09787026647939548;0.024061988941216406;0.04924463755878343;0.001993263986847469;0.05259570694251357;0.0011891822422829517;0.09630841575059544;0.008593224439567813;0.07763387609584;0.0018104931638304501
2;gin;0.7;0.09787026647939548;0.024061988941216406;0.03838665758423828;0.0021147743573393892;0.03805457106735312;0.0007812869773999284;0.09606243214054014;0.003950072294553318;0.0752963468836036;0.0014406348529767195
