id;convoType;probability;noneAvg;noneStd;dropoutAvg;dropoutStd;nodesamplingAvg;nodesamplingStd;dropedgeAvg;dropedgeStd;gdcAvg;gdcStd
0;gcn;0.3;1.6711405118306477;0.19887097578353474;3.942493756612142;0.3061014493524598;2.9618141651153564;0.12339069555930084;2.358710845311483;0.21721222031249954;2.8818116982777915;0.1274286500038001
1;gcn;0.5;1.6711405118306477;0.19887097578353474;3.942493756612142;0.3061014493524598;2.9618141651153564;0.12339069555930084;2.358710845311483;0.21721222031249954;2.8818116982777915;0.1274286500038001
2;gcn;0.7;1.6711405118306477;0.19887097578353474;3.942493756612142;0.3061014493524598;2.9618141651153564;0.12339069555930084;2.358710845311483;0.21721222031249954;2.8818116982777915;0.1274286500038001
