id;convoType;probability;noneAvg;noneStd;dropoutAvg;dropoutStd;nodesamplingAvg;nodesamplingStd;dropedgeAvg;dropedgeStd;gdcAvg;gdcStd
0;gin;0.3;1.741489330927531;0.09642067557440198;4.189745505650838;0.28072576629838614;3.328702131907145;0.26621029236126775;2.413836399714152;0.4014993617036715;3.321087042490641;0.5792020939718371
1;gin;0.5;1.741489330927531;0.09642067557440198;4.481533050537109;0.10164674691363175;4.004659096399943;0.33904729180747833;2.6147488753000894;0.08919323347617027;4.010501146316528;0.47328871605470096
2;gin;0.7;1.741489330927531;0.09642067557440198;4.497213204701741;0.24427734969873954;4.883975982666016;0.1715910802672357;2.8627355893452964;0.39966388481115217;4.374329090118408;0.1519250111235334
