id;convoType;probability;noneAvg;noneStd;dropoutAvg;dropoutStd;nodesamplingAvg;nodesamplingStd;dropedgeAvg;dropedgeStd;gdcAvg;gdcStd
0;gcn;0.3;0.6897849043210348;0.01832263150816916;1.2045621474583943;0.01332814569937551;1.0503819386164348;0.019240146978982107;0.8663304050763448;0.010273074526119173;1.0874981085459392;0.00984302398799572
1;gcn;0.5;0.6897849043210348;0.01832263150816916;1.21137531598409;0.02230586512484733;1.197555422782898;0.03343598411845958;0.932673970858256;0.06496803496176402;1.14668075243632;0.04052779397119149
2;gcn;0.7;0.6897849043210348;0.01832263150816916;1.2266285419464111;0.016308422167220945;1.2144515911738079;0.00625472707425557;0.9186116655667623;0.052890452767854146;1.1472886800765991;0.0387218161415379
