id;convoType;probability;noneAvg;noneStd;dropoutAvg;dropoutStd;nodesamplingAvg;nodesamplingStd;dropedgeAvg;dropedgeStd;gdcAvg;gdcStd
0;gin;0.3;8.361804644266764;0.7037573025306069;20.320322672526043;1.1541379312820186;13.100127220153809;1.7975119199098775;7.941832383473714;0.17004362660889172;20.09562873840332;3.4992424954774863
1;gin;0.5;8.361804644266764;0.7037573025306069;20.320322672526043;1.1541379312820186;13.100127220153809;1.7975119199098775;7.941832383473714;0.17004362660889172;20.09562873840332;3.4992424954774863
2;gin;0.7;8.361804644266764;0.7037573025306069;20.320322672526043;1.1541379312820186;13.100127220153809;1.7975119199098775;7.941832383473714;0.17004362660889172;20.09562873840332;3.4992424954774863
