id;convoType;probability;noneAvg;noneStd;dropoutAvg;dropoutStd;nodesamplingAvg;nodesamplingStd;dropedgeAvg;dropedgeStd;gdcAvg;gdcStd
0;gcn;0.3;0.10983686854933931;0.0028930877502453592;0.0562033082408739;0.0012412195711265508;0.0716077916747048;0.0035063898242305323;0.10097926912904062;0.0012805621759753253;0.08230492534178818;0.00448761586321475
1;gcn;0.5;0.10983686854933931;0.0028930877502453592;0.0562033082408739;0.0012412195711265508;0.0716077916747048;0.0035063898242305323;0.10097926912904062;0.0012805621759753253;0.08230492534178818;0.00448761586321475
2;gcn;0.7;0.10983686854933931;0.0028930877502453592;0.0562033082408739;0.0012412195711265508;0.0716077916747048;0.0035063898242305323;0.10097926912904062;0.0012805621759753253;0.08230492534178818;0.00448761586321475
