id;convoType;probability;noneAvg;noneStd;dropoutAvg;dropoutStd;nodesamplingAvg;nodesamplingStd;dropedgeAvg;dropedgeStd;gdcAvg;gdcStd
0;gin;0.3;0.7458144028981527;0.049409834918264436;1.1416147152582805;0.037430028965678125;1.0890733003616333;0.022107187621656428;0.8333818912506104;0.05814586089322069;1.0547002951304119;0.025716717615719493
1;gin;0.5;0.7458144028981527;0.049409834918264436;1.1835228204727173;0.0036868212173314426;1.1844865083694458;0.026558941183613786;0.8712456425031027;0.06493228976833273;1.1100279887517293;0.08735787061078212
2;gin;0.7;0.7458144028981527;0.049409834918264436;1.1913049618403118;0.010562849682886998;1.216774582862854;0.005125452261928216;0.928325355052948;0.010358374315726403;1.1188385883967082;0.045478216114266536
