id;convoType;probability;noneAvg;noneStd;dropoutAvg;dropoutStd;nodesamplingAvg;nodesamplingStd;dropedgeAvg;dropedgeStd;gdcAvg;gdcStd
0;gcn;0.3;10.006080945332846;1.7054117454817035;13.805806477864584;1.1382265410653776;13.384723981221518;1.2953410555784697;9.22662353515625;2.582159085917059;13.160076141357422;0.9965606988289684
1;gcn;0.5;10.006080945332846;1.7054117454817035;13.805806477864584;1.1382265410653776;13.384723981221518;1.2953410555784697;9.22662353515625;2.582159085917059;13.160076141357422;0.9965606988289684
2;gcn;0.7;10.006080945332846;1.7054117454817035;13.805806477864584;1.1382265410653776;13.384723981221518;1.2953410555784697;9.22662353515625;2.582159085917059;13.160076141357422;0.9965606988289684
