id;convoType;probability;noneAvg;noneStd;dropoutAvg;dropoutStd;nodesamplingAvg;nodesamplingStd;dropedgeAvg;dropedgeStd;gdcAvg;gdcStd
0;gin;0.3;0.7003527813721134;0.014591876884719699;0.4729700586466843;0.0275333369254084;0.5017960949419649;0.033955356139532024;0.5150794723729697;0.09662959228809215;0.5164857696492142;0.032897717740505185
1;gin;0.5;0.7003527813721134;0.014591876884719699;0.4842938256822264;0.02689895972922193;0.4988689108197017;0.014678337926745914;0.501852745965224;0.044790811390891035;0.48821047142664015;0.034964384094526124
2;gin;0.7;0.7003527813721134;0.014591876884719699;0.4925342964007287;0.02025022516698242;0.49649375229340076;0.027903587385371183;0.5096947282360288;0.012815534475874035;0.47425854754501506;0.04867115537190005
